segment_family,priority_rank,segment,order_volume,observed_late_orders,observed_late_rate,expected_late_orders,mean_predicted_risk,mean_positive_delay_days_raw,positive_delay_observations,late_review_mean,late_review_observations,on_time_review_mean,smoothed_late_rate,mean_positive_delay_days,review_penalty_raw,review_penalty,normalized_order_volume,normalized_expected_late_orders,normalized_smoothed_late_rate,normalized_mean_positive_delay_days,normalized_review_penalty,priority_score
product_category,1,health_beauty,2302,162,0.07037358818418767,170.17840917662446,0.07392632892120958,4.943003186442616,162,3.2848101265822787,158,4.46135831381733,0.07000001764191154,4.947304517421343,1.1765481872350514,1.1665303508160523,1.0,1.0,0.5982210817737252,0.32788288989158987,0.6810257084279133,0.7083173245401633
product_category,2,cool_stuff,335,24,0.07164179104477612,20.977487215482327,0.06261936482233531,10.106591435185186,24,2.7916666666666665,24,4.395498392282958,0.06919491297084658,8.609648683447402,1.6038317256162915,1.4286601990808725,0.12616614837849843,0.10657262668509858,0.5876486179582516,1.0,0.9754179241584908,0.565679356863482
product_category,3,watches_gifts,1377,58,0.04212055192447349,120.71924578000068,0.087668297588962,5.790768279054918,58,3.0535714285714284,56,4.19040365575019,0.04249477329626905,5.676976779087536,1.1368322271787616,1.117349849635899,0.5890715237672146,0.7038344679176549,0.23702804559942364,0.4617930822724169,0.6257921789042602,0.4908315532810703
product_category,4,furniture_decor,1013,44,0.04343534057255676,63.90617331653962,0.06308605460665313,7.690706281565657,44,3.090909090909091,44,4.345077720207254,0.043875862176647164,7.19557291077141,1.2541686292981629,1.208627871168108,0.4273656152820968,0.3636331244286471,0.2551642119123532,0.7404873822012765,0.7283044993601248,0.4759513805979124
product_category,5,baby,638,37,0.05799373040752351,39.262845347066595,0.06154050994838024,5.566940377877878,37,2.8055555555555554,36,4.378964941569282,0.057616339380488275,5.449928824984015,1.5734093860137266,1.4505483315315832,0.26077298978231894,0.21606685279905194,0.4356012448422354,0.4201250118098662,1.0,0.46991947781168875
product_category,6,bed_bath_table,1784,66,0.03699551569506727,120.78709685147581,0.06770577177773307,6.197545594837261,66,3.3846153846153846,65,4.186658864833236,0.03742641302823115,6.042208816474033,0.8020434802178511,0.82953748757492,0.7698800533096402,0.7042407657056835,0.17047141332112045,0.5288208356344346,0.3025565018432356,0.45495307415860525
product_category,7,housewares,1519,85,0.05595786701777485,76.47252728129705,0.05034399426023505,4.191383169934641,85,3.402439024390244,82,4.4068627450980395,0.055857260352948336,4.278288739339071,1.0044237207077957,1.00483946143476,0.6521545979564638,0.4388814839381313,0.412501392070764,0.20510443680330445,0.4994342586044759,0.441188180870996
product_category,8,computers_accessories,1142,52,0.04553415061295972,60.21588313954469,0.052728444080161724,6.251804665242165,52,3.235294117647059,51,4.364220183486238,0.04583896098471135,6.052640377183223,1.1289260658391793,1.1091428641271608,0.4846734784540204,0.34153536379643706,0.2809432091786396,0.5307352462195515,0.6165750955984884,0.4334208841123659
product_category,9,sports_leisure,1249,55,0.044035228182546036,70.37842449302164,0.05634781784869627,4.803749789562289,55,3.290909090909091,55,4.474348191757779,0.044372626246170846,4.836555372595279,1.1834391008486884,1.156486706163639,0.5322079075966237,0.4023894959847465,0.26168761233297105,0.30755809468037365,0.6697459139947078,0.4186304493205389
product_category,10,furniture_living_room,110,11,0.1,5.28315880851273,0.04802871644102482,5.519846380471381,11,3.272727272727273,11,4.404040404040404,0.08525025933609959,5.280389094188211,1.131313131313131,1.0727109427811006,0.02621057307863172,0.012593699341525539,0.798484021840584,0.389010908725808,0.5756592131860688,0.4143489910232443
product_category,11,construction_tools_construction,335,22,0.06567164179104477,21.22937040209971,0.06337125493164093,5.247023358585858,22,2.909090909090909,22,4.330128205128205,0.06400010777604138,5.1751367088017535,1.4210372960372961,1.2920408083368495,0.12616614837849843,0.1080809238916022,0.5194315377146806,0.3696948843733718,0.8219837180994312,0.40987591954272995
product_category,12,perfumery,545,23,0.04220183486238532,31.86904593158273,0.058475313635931614,6.856242954911433,23,3.130434782608696,23,4.527938342967245,0.04309250671222846,6.298892386537278,1.3975035603585488,1.2795474921880394,0.21945801865837405,0.17179217470883598,0.24487735406657127,0.5759276643491203,0.8079527519686488,0.3897790143765917
product_category,13,art,67,8,0.11940298507462686,3.4831077587300907,0.05198668296612076,3.3163527199074077,8,3.375,8,4.186440677966102,0.0909405255878285,4.261149030668139,0.8114406779661021,0.9207783765381939,0.007107952021323856,0.001814845832437455,0.873207391619618,0.20195894011108428,0.40502711953492837,0.3670816201889563
product_category,14,auto,953,56,0.05876180482686254,62.495002210580864,0.06557712718843742,4.628225446428572,56,3.5714285714285716,56,4.34413407821229,0.058464647551122566,4.687128572617685,0.7727055067837187,0.8083938444522261,0.4007107952021324,0.35518291595860174,0.44674104785261687,0.28013513702790793,0.27881054544525213,0.36306881045268885
product_category,15,telephony,671,38,0.05663189269746647,46.700932719003106,0.06959900554247855,5.19000182748538,38,3.324324324324324,37,4.203174603174603,0.05636621566404429,5.1539568799419095,0.8788502788502792,0.9063818227961491,0.27543314082629944,0.26060673080950214,0.4191848852905181,0.36580794073275935,0.3888586694974371,0.35157821674463574
product_category,16,books_general_interest,93,8,0.08602150537634409,4.514001626167795,0.04853765189427737,3.83943431712963,8,3.5,8,4.630952380952381,0.07440588457185968,4.493629740544681,1.1309523809523814,1.062783577865429,0.018658374055975122,0.007987922969260921,0.6560779920200082,0.2446240354147083,0.5645100099448646,0.34389797739776906
product_category,17,food,185,21,0.11351351351351352,13.604780741415572,0.07353935535900309,2.276726741622575,21,3.9523809523809526,21,4.47239263803681,0.10059592125011035,3.1606813666723004,0.5200116856558576,0.677507443636506,0.05952909817858729,0.0624242548602734,1.0,0.0,0.13181493315537315,0.3382894769819827
product_category,18,construction_tools_lights,130,11,0.08461538461538462,8.248259606010404,0.06344815081546465,3.233207070707071,11,3.4545454545454546,11,4.428571428571429,0.0757780082987552,4.08262564621643,0.9740259740259742,0.9903224318211614,0.03509551310528654,0.030348966415627118,0.6740964298384929,0.16919614781058548,0.48313050478909153,0.3278272093207769
product_category,19,office_furniture,154,13,0.08441558441558442,12.701580101972054,0.0824777928699484,3.9364147079772076,13,3.25,12,3.9571428571428573,0.07666687006752909,4.406228347672649,0.7071428571428573,0.8440090745305892,0.04575744113727232,0.05701581525904545,0.685768774100127,0.22858404328574855,0.3188092200179058,0.31701847264481303
product_category,20,stationery,480,34,0.07083333333333333,28.51144494183277,0.059398843628818275,3.5557111247276687,34,3.757575757575758,33,4.559550561797753,0.06913215376184138,3.8878190689433625,0.8019748042219952,0.8499454393787096,0.1905819635717459,0.15168658425080192,0.586824477333881,0.13344504747395122,0.3254762196464934,0.31533353945331566
product_category,21,home_appliances_2,56,3,0.05357142857142857,3.185372816732906,0.05688165744165903,6.743622685185184,3,3.0,3,4.339622641509434,0.05320793862052768,5.415440680640215,1.3396226415094343,1.0847194829605367,0.002221235006663705,3.198454930216975e-05,0.3777110608775355,0.41379571263465814,0.5891457381831854,0.29165939849955064
product_category,22,luggage_accessories,153,10,0.06535947712418301,7.104278619468863,0.04643319359129976,4.0772662037037035,10,3.6,10,4.496503496503497,0.06226621425505386,4.547126141490213,0.8965034965034966,0.952376015949682,0.04531319413593958,0.023498714322719914,0.4966624156745904,0.25444174909062606,0.44051372718292975,0.28319097068655086
product_category,23,drinks,70,4,0.05714285714285714,3.5356480917991124,0.05050925845427304,3.012294560185185,4,3.0,4,4.333333333333333,0.05533367911479945,4.4442170738219975,1.333333333333333,1.1011299062351432,0.008440693025322079,0.0021294616615485608,0.405625834278424,0.23555577277885756,0.6075759204034389,0.2743840603130775
product_category,24,home_confort,53,2,0.03773584905660377,4.388991716705588,0.08281116446614317,4.6313657407407405,2,2.5,2,4.549019607843137,0.04504894654151392,4.95271602285406,2.049019607843137,1.1817103808037455,0.000888494002665482,0.007239353365393182,0.2705689070355926,0.3288760148486908,0.6980740632509735,0.2672654461248518
product_category,25,fashion_bags_accessories,285,12,0.042105263157894736,17.166473488740067,0.060233240311368653,5.996337770061728,12,3.5833333333333335,12,4.47985347985348,0.04370161639933114,5.5511779106139985,0.8965201465201464,0.9473057778272923,0.1039537983118614,0.08375196352299605,0.25287605331399865,0.4387063465369584,0.4348194552600162,0.26306443551449865
product_category,26,toys,488,29,0.05942622950819672,25.47444020294236,0.0522017217273409,3.640943885696041,29,3.740740740740741,27,4.435448577680525,0.05881048604791066,3.993775217383395,0.6947078369397839,0.7794485662522388,0.19413593958240782,0.13350075047077722,0.4512825256563084,0.15289022713466194,0.24630274581602596,0.261758473237012
product_category,27,pet_shop,465,19,0.04086021505376344,22.880731647337612,0.049205874510403466,4.450825414230019,19,3.526315789473684,19,4.465168539325843,0.04201949804616686,4.646053229763366,0.9388527498521588,0.9627823310741271,0.18391825855175478,0.11796941064043857,0.23078683179867776,0.2725969485113673,0.4522008287753475,0.2518018872554738
product_category,28,musical_instruments,124,7,0.056451612903225805,8.489401557616159,0.06846291578722709,4.130626653439154,7,3.7142857142857144,7,4.443478260869565,0.055402537320551344,4.652014550990665,0.7291925465838505,0.8933431282379779,0.03243003109729009,0.0317929442247942,0.406530065634761,0.2736909762198739,0.3742152009774525,0.24678802242637748
product_category,29,home_appliances,214,11,0.0514018691588785,12.396131534487356,0.05792584829199699,4.374599116161616,11,3.727272727272727,11,4.41044776119403,0.051666823840060355,4.680497670025953,0.683175033921303,0.8379719393853813,0.07241226121723679,0.05518676415303602,0.3574734683786246,0.2789182270693331,0.31202904750482685,0.23287461294917758
product_category,30,books_technical,82,8,0.0975609756097561,4.841581425167387,0.059043675916675455,1.5407682291666667,8,4.75,8,4.47945205479452,0.08060637495284799,3.472000368116698,0.0,0.5601380752199262,0.013771657041314972,0.009949497707032658,0.7375015168698619,0.05713357840961461,0.0,0.22945387963250816
product_category,31,small_appliances,104,4,0.038461538461538464,4.056766683800465,0.039007371959619855,10.471345486111112,4,4.0,4,4.181818181818182,0.04311715255698659,6.575374481229405,0.18181818181818166,0.7721255772308142,0.023545091070635273,0.005249962585521297,0.2452009980737069,0.6266679383531418,0.2380784593486187,0.2281631260140548
product_category,32,home_construction,163,8,0.049079754601226995,8.717932673712077,0.05348424953197593,2.3467708333333333,8,3.375,8,4.37012987012987,0.049953246449652274,3.8302237477463277,0.9951298701298699,1.0024180174998685,0.04975566414926699,0.03316140731530697,0.3349711334572049,0.12287509580260925,0.4967147886548351,0.2264885369834133
product_category,33,electronics,445,20,0.0449438202247191,30.088843155779067,0.0676153778781552,2.8428744212962966,20,3.75,20,4.385342789598108,0.0457374575631837,3.567578307289772,0.6353427895981083,0.7596447048640279,0.17503331852509996,0.1611321742943051,0.27961028777125496,0.07467413859591437,0.22406146855329054,0.1953287110846914
product_category,34,signaling_and_security,53,2,0.03773584905660377,3.3515388350709805,0.06323658179379209,0.3763020833333333,2,4.0,2,4.294117647058823,0.04504894654151392,4.243538746619492,0.2941176470588234,0.8892267206730265,0.000888494002665482,0.0010270003129222228,0.2705689070355926,0.19872708294900654,0.36959215498739084,0.1825047955921706
product_category,35,construction_tools_safety,51,2,0.0392156862745098,3.1800314488870907,0.062353557821315506,0.856111111111111,2,4.5,2,4.142857142857143,0.04594100488887063,4.323506917915788,0.0,0.8402071128298894,0.0,0.0,0.28228322808933176,0.21340292272696,0.3145393212001983,0.17778098394813613
product_category,36,agro_industry_and_commerce,51,0,0.0,3.18864619797024,0.06252247447000471,,0,,0,4.137254901960785,0.026139024690850828,5.016986079276723,,1.0082485353958672,0.0,5.158582496648142e-05,0.022247823200471792,0.3406709206879684,0.5032629139203172,0.15882513497624595
product_category,37,garden_tools,437,12,0.02745995423340961,34.0776856764222,0.07798097408792265,2.951987847222222,12,3.75,12,4.390588235294118,0.0300616868455358,3.8906234072469954,0.6405882352941177,0.8077065535221858,0.17147934251443803,0.18501769087786296,0.07375939080307535,0.13395970247931335,0.2780386642532191,0.15878426914281568
product_category,38,kitchen_dining_laundry_garden_furniture,58,0,0.0,4.0161157510027055,0.06924337501728803,,0,,0,4.224137931034483,0.02444482864607346,5.016986079276723,,1.0082485353958672,0.003109729009329187,0.005006541461610537,0.0,0.3406709206879684,0.5032629139203172,0.15372415227175842
product_category,39,unknown,90,3,0.03333333333333333,6.15242172872637,0.068360241430293,2.627758487654321,3,4.666666666666667,3,4.27906976744186,0.0402860106698281,4.4656258658254,0.0,0.7755757964583594,0.0173256330519769,0.017798917092986734,0.20802304316399095,0.2394847359674408,0.2419533240001525,0.15306755369707942
product_category,40,audio,67,1,0.014925373134328358,5.924719048339856,0.08842864251253517,0.6540162037037037,1,5.0,1,4.3538461538461535,0.031111465758768664,4.620352454224631,0.0,0.9165895776326066,0.007107952021323856,0.016435414743534306,0.08754486488276328,0.26788031615800134,0.400322772436616,0.15028530030955406
product_category,41,consoles_games,147,7,0.047619047619047616,6.221984220925606,0.04232642327160276,1.427485119047619,7,4.0,7,4.280575539568345,0.0489342207805885,3.5389562721235626,0.28057553956834536,0.7086184782904171,0.04264771212794314,0.018215463008855723,0.32158950445862433,0.06942139371743179,0.16675504579826014,0.14784209512342428
customer_state,1,SP,8901,663,0.07448601280754971,456.36129178426205,0.051270788875886084,3.7717125789062065,663,3.5407066052227343,651,4.377769661553446,0.07436488006857066,3.790215899862678,0.8370630563307113,0.8396528517779904,1.0,1.0,0.5987042960313051,0.0,0.2945369653856957,0.5263991494911063
customer_state,2,PE,322,14,0.043478260869565216,39.925569101994775,0.12399245062731297,16.08894593253968,14,1.7857142857142858,14,4.474025974025974,0.044731294338107346,11.475629327013449,2.688311688311688,1.9882853745967628,0.030183133619715124,0.07620611416641979,0.29066622884765914,1.0,1.0,0.5214264688789726
customer_state,3,MA,115,16,0.1391304347826087,17.473549580883454,0.15194390939898655,5.868885271990741,16,2.375,16,4.292929292929293,0.11296994844712686,5.541231736331503,1.9179292929292933,1.5680520784933603,0.006782726656115758,0.02640001630184285,1.0,0.22783625800570403,0.7419026099073357,0.4578693801377166
customer_state,4,BA,638,33,0.05172413793103448,70.62023626284586,0.11069002549035402,11.351609147025814,33,3.0,31,4.253311258278146,0.05180238589211618,9.878440991735328,1.2533112582781456,1.1935398624531997,0.06590549400859146,0.14429716473300572,0.36416949622094674,0.7921792561431207,0.5118860300359463,0.410661161875468
customer_state,5,PI,84,12,0.14285714285714285,9.621179912270744,0.11453785609846123,5.945950038580247,12,2.6666666666666665,12,4.098591549295775,0.10925404099832786,5.523693693442282,1.4319248826291084,1.2393447247958171,0.0032783178837892833,0.008980830833203017,0.9613735253380199,0.2255542671856314,0.5400182973593675,0.40398274632829534
customer_state,6,AL,66,4,0.06060606060606061,11.991816773543382,0.1816941935385361,16.769074074074073,4,1.5,4,4.467741935483871,0.057241737015309775,8.374725506361681,2.967741935483871,1.5681037925638681,0.0012434998869545557,0.014239697252898444,0.4207109901178297,0.5965208833532626,0.7419343714710978,0.394737643213817
customer_state,7,MS,138,16,0.11594202898550725,9.742933467086791,0.07060096715280284,4.768486689814814,16,2.9375,16,4.43801652892562,0.09914915688178687,4.864063378069394,1.50051652892562,1.3111826852603305,0.009382771874293466,0.009250920989717724,0.8563342971904059,0.1397254016827597,0.5841394802294385,0.36750140780815777
customer_state,8,RJ,2212,96,0.0433996383363472,193.9952914103347,0.08770130714752924,5.359251302083333,96,2.778947368421053,95,4.333015721772273,0.04360744539954728,5.326962130120446,1.5540683533512198,1.5020855135459483,0.2438390232873615,0.4179843519789239,0.27898393504800756,0.19995622159099502,0.7013874998382946,0.36135126090901637
customer_state,9,DF,467,15,0.032119914346895075,33.405457107459945,0.07153202806736605,8.628266975308641,15,2.1333333333333333,15,4.394678492239468,0.03412000288931515,7.1837546168958735,2.2613451589061344,1.7601065095020276,0.046574723038661545,0.06174232235551147,0.18036294871345337,0.44155577955567304,0.8598579167778123,0.33663207682851093
customer_state,10,RS,940,24,0.02553191489361702,52.40189558795556,0.055746697433995275,9.911101466049383,24,3.2916666666666665,24,4.400437636761488,0.02690913282199589,8.471655764057424,1.1087709700948216,1.0792055481245408,0.10004521817770744,0.10388278429250287,0.1054066981114205,0.6091331206277482,0.4416645878040103,0.288198890079301
customer_state,11,GO,347,12,0.0345821325648415,23.165025037289208,0.06675799722561732,7.547719907407408,12,2.6666666666666665,12,4.298507462686567,0.03687667882563207,6.397386349166187,1.6318407960199006,1.3483897684635218,0.03300926972643003,0.03902561478348677,0.20901831074079635,0.3392362003705597,0.6069911941625042,0.26387290055654294
customer_state,12,PB,113,5,0.04424778761061947,14.595011731459687,0.12915939585362554,5.461291666666666,5,2.2,5,4.277777777777778,0.04687142020721432,5.165087941740038,2.0777777777777775,1.364758282856504,0.006556635767578567,0.020014455408290208,0.31291261651892005,0.1788936997221591,0.617044350073033,0.24766368648363052
customer_state,13,ES,361,19,0.05263157894736842,29.45542487081102,0.08159397471138786,9.276413255360623,19,4.277777777777778,18,4.234604105571847,0.052652169084612975,7.8076452636075535,0.0,0.3600887626413812,0.03459190594619037,0.052979828096953466,0.3730029048581191,0.5227343202581967,0.0,0.2288121409901292
customer_state,14,PA,159,3,0.018867924528301886,17.667000559021226,0.11111321106302657,7.435478395061729,3,2.0,3,4.435897435897436,0.026985844467827435,5.575099690611724,2.435897435897436,1.3377059739731523,0.011756726203933981,0.02682915535278962,0.10620410775760225,0.23224304166168452,0.6004294592885207,0.2065957414947247
customer_state,15,CE,215,2,0.009302325581395349,25.126286111640038,0.11686644703088389,10.18761574074074,2,1.0,2,4.375586854460094,0.017509590542550694,5.878757689520726,3.375586854460094,1.4028049219065715,0.018087271082975358,0.04337634861904455,0.007699425609639743,0.2717539933869683,0.6404116994279585,0.20256791531272747
customer_state,16,MG,2135,34,0.01592505854800937,100.85919604218962,0.04724084123755954,6.575708061002179,34,3.606060606060606,33,4.351745576279292,0.016768897708821937,6.221453065155484,0.7456849702186861,0.8067462644459374,0.23513452407867963,0.21137730372348051,0.0,0.31634435653179216,0.27432651470029973,0.19887751239084484
customer_state,17,TO,55,5,0.09090909090909091,5.5727240438522445,0.10132225534276808,2.4155949074074075,5,4.8,5,4.36,0.07276229994072318,4.149855688653618,0.0,0.6721656902639115,0.0,0.0,0.5820456408965815,0.04679511287192655,0.19167029665277446,0.19558693940284821
customer_state,18,SE,76,2,0.02631578947368421,8.647689819764054,0.1137853923653165,10.640104166666667,2,4.0,2,4.3108108108108105,0.03682572614107884,5.954172427175048,0.3108108108108105,0.8920089146316911,0.0023739543296405156,0.006821303812838822,0.20848866284025688,0.28156670396775496,0.3266928257217663,0.1844176946688985
customer_state,19,MT,153,2,0.013071895424836602,11.7492057497251,0.0767921944426477,14.315081018518518,2,4.0,2,4.346666666666667,0.02285734725997997,6.566668569150355,0.3466666666666667,0.8979848906076672,0.011078453538322406,0.013701504758278677,0.06328880510588604,0.36126263025475225,0.3303631293768017,0.16955211517830765
customer_state,20,PR,977,23,0.02354145342886387,43.491273676998546,0.04451512147082758,5.721179045893719,23,3.761904761904762,21,4.396424815983176,0.02496596055869127,5.507787237827963,0.6345200540784139,0.7550776286969473,0.10422789961564549,0.08411604097063526,0.08520762285817177,0.22348457298308855,0.2425928558966871,0.15155124576836218
customer_state,21,SC,620,16,0.025806451612903226,37.59624450922537,0.060639104047137696,3.799924045138889,16,3.5625,16,4.374792703150912,0.027820957453396914,4.268024827499594,0.812292703150912,0.8876603309374332,0.06387067601175672,0.0710388921926124,0.11488502110688813,0.062170881523292996,0.32402202806604863,0.12942134292751223
customer_state,22,RN,87,1,0.011494252873563218,10.47220359641931,0.12037015628068173,0.8608912037037038,1,4.0,1,4.4523809523809526,0.026569645939970316,4.639159272406449,0.45238095238095255,0.9577151187581477,0.0036174542165950713,0.010868686349181044,0.10187776698831792,0.1104616401694998,0.36704802830847777,0.126851545623619
seller_state,1,SP,13401,787,0.05872696067457652,919.0158162448994,0.06857815209647783,4.813710071650431,787,3.393041237113402,776,4.360319859961808,0.05870493208637097,4.816260586175228,0.967278622848406,0.9677998685551168,1.0,1.0,0.3493238125000741,0.31634348840182513,0.4800674381298678,0.5972486051454547
seller_state,2,MA,226,32,0.1415929203539823,41.32804360498654,0.18286744957958645,5.249910662615741,32,3.066666666666667,30,4.383419689119171,0.12550739671657946,5.194452428487403,1.3167530224525037,1.2396269006883447,0.009175001880123336,0.04006011552031702,1.0,0.4161364102287472,0.8189642135964189,0.4983079691794301
seller_state,3,PR,1456,37,0.025412087912087912,62.57496925063494,0.042977314045765755,8.053151589089088,37,2.9714285714285715,35,4.404458598726115,0.02632140869440633,7.407158927426883,1.4330300272975434,1.338634140208282,0.10167707001579304,0.06329818717361767,0.03389851112624285,1.0,0.9424001866776618,0.45054899571063856
seller_state,4,SC,697,28,0.040172166427546625,27.63509174206114,0.03964862516794999,6.605481150793651,28,2.6785714285714284,28,4.197901049475262,0.04101745849233726,6.1874561319734065,1.5193296209038336,1.3848345984017372,0.0445965255320749,0.02508393487928261,0.17704247604969556,0.6781588281370269,1.0,0.4108977669737816
seller_state,5,MG,1379,30,0.021754894851341553,63.32101335195583,0.045918066245073115,7.193858024691358,30,3.1724137931034484,29,4.382615156017831,0.022841176692635363,6.649640038337699,1.2102013629143826,1.1584185866275838,0.09588629014063323,0.06411414645978233,0.0,0.8001146116237626,0.7177188166236185,0.3514115022210597
seller_state,6,RJ,1039,56,0.05389797882579403,63.86793556719824,0.06147058283657193,4.753571428571428,56,3.2962962962962963,54,4.469418960244648,0.0538476046774802,4.793482739284352,1.173122663948352,1.1473610813620263,0.0703166127697977,0.06471232324255788,0.3020119760678189,0.31033313164671955,0.7039330174343561,0.30898818884442647
seller_state,7,BA,120,6,0.05,7.422251092618633,0.06185209243848861,4.03204475308642,6,3.0,6,4.052631578947368,0.05082377349279961,4.647633081955359,1.0526315789473681,1.02489217672768,0.0012032789350981425,0.002976857028953992,0.272558946785399,0.271847998378558,0.5512465220928684,0.23846793023497082
seller_state,8,DF,150,8,0.05333333333333334,9.085193620519965,0.0605679574701331,5.2043301504629635,8,3.75,8,4.119718309859155,0.05320020746887967,5.100250110915052,0.369718309859155,0.7244573240462173,0.0034594269384071595,0.004795641462202417,0.29570613166788345,0.39127938408048685,0.17668332279481713,0.1885467932936604
seller_state,9,PE,107,1,0.009345794392523364,8.326187822160767,0.07781483945944642,1.6166550925925927,1,3.0,1,4.266666666666667,0.023184977667362633,4.707865080487257,1.2666666666666666,1.0317410927841217,0.00022561480033090172,0.003965505779435809,0.003348725361146901,0.2877413267069133,0.5597853180645347,0.1830661608331883
seller_state,10,RS,486,23,0.047325102880658436,17.686384259212975,0.036391737158874435,3.9227918679549116,23,4.045454545454546,22,4.434782608695652,0.047835898309283455,4.2543658713857635,0.38932806324110647,0.5827407107894692,0.028728284575468152,0.014202888783491154,0.24345613981715458,0.16807716143631457,0.0,0.09764340798251359
seller_state,11,GO,104,5,0.04807692307692308,4.700465012622291,0.04519677896752203,0.8182060185185185,5,4.6,5,4.444444444444445,0.049610659050493076,3.617392725690655,0.0,0.6721656902639115,0.0,0.0,0.26074284561771593,0.0,0.11148941645802729,0.08279263932084457
route,1,SP -> PE,222,10,0.04504504504504504,28.55208776022748,0.1286130079289526,15.676853009259258,10,1.7,10,4.44811320754717,0.046470740785940934,10.34691954426799,2.7481132075471697,1.8781808714715187,0.02546262028127313,0.07228631612144663,0.2831431197558872,0.9808837384001952,0.9601403463408381,0.5605137730592038
route,2,SP -> MA,71,12,0.16901408450704225,12.472548366018678,0.1756696952960377,7.063266782407408,12,1.9166666666666667,12,4.254237288135593,0.12099207846095814,6.133139190075278,2.3375706214689265,1.7333333096175358,0.0031088082901554403,0.029294364307538047,0.9452457490728212,0.3728744847663364,0.8647585810743557,0.5344129540157874
route,3,SP -> SP,6805,591,0.08684790595150625,375.5288612512559,0.05518425587821541,3.524109736322617,591,3.6219931271477663,582,4.393283823054569,0.08659956841630576,3.5489496089175274,0.7712906959068024,0.7752933621143879,1.0,1.0,0.6396772764740347,0.0,0.2338916184617866,0.4669373872626752
route,4,SP -> DF,290,10,0.034482758620689655,21.02692170173911,0.07250662655772107,11.351923611111111,10,1.5,10,4.369175627240144,0.037176592628752746,8.184454845193917,2.8691756272401436,1.9387120813180054,0.03552923760177646,0.0521662387581167,0.2005670398823449,0.6688602257400326,1.0,0.45899019914865885
route,5,SP -> RS,604,14,0.023178807947019868,34.787724496252565,0.057595570358034046,14.381130952380953,14,2.7142857142857144,14,4.362244897959184,0.025443488522593167,10.479403921920857,1.6479591836734695,1.3814130802244684,0.08201332346410066,0.08895857193126051,0.0963214731613664,1.0,0.6330199706148023,0.458230656203479
route,6,SP -> BA,450,22,0.04888888888888889,54.047669769030534,0.12010593282006786,11.727866161616163,22,2.9545454545454546,22,4.17096018735363,0.04928008298755186,9.630716135885088,1.2164147328081758,1.1513627961168293,0.05921539600296077,0.14045399221699376,0.3081033917581059,0.8775422580243533,0.48153242110145805,0.4508990067278759
route,7,MA -> SP,73,13,0.1780821917808219,14.84969314372452,0.20342045402362358,5.014301994301994,13,2.75,12,4.266666666666667,0.12715480889248726,5.015468987769268,1.5166666666666666,1.2855675160890305,0.003404885270170244,0.03565014921109204,1.0,0.21160508570126063,0.5699059010150967,0.44277936989652933
route,8,SP -> MS,99,14,0.1414141414141414,7.536119427125433,0.07612241845581245,5.24926669973545,14,2.7857142857142856,14,4.4941176470588236,0.11167813083071096,5.1524831078776465,1.708403361344538,1.4166721838659253,0.007253886010362694,0.016095807441529945,0.8624937560503683,0.23137494694272412,0.6562380041390824,0.4286845376038737
route,9,SP -> GO,237,5,0.02109704641350211,15.86450879808532,0.06693885568812372,15.234958333333333,5,1.6,5,4.297413793103448,0.026620353636849944,8.422976830628926,2.6974137931034483,1.5713036212983942,0.02768319763138416,0.03836346733810213,0.10677761244725592,0.7032767263996618,0.7580624275482291,0.39096210319192204
route,10,RJ -> RJ,254,34,0.13385826771653545,15.481328248369536,0.06095011121405329,3.474117987472767,34,3.1818181818181817,33,4.538812785388128,0.12052645228215768,3.8247698265191206,1.3569946035699463,1.2758908667852766,0.030199851961509993,0.03733895542109155,0.9411087820392042,0.03979828812724194,0.5635338511121294,0.38176652805693156
route,11,SP -> RJ,1339,43,0.03211351755041075,136.46753292932112,0.10191750032062817,6.53031411498708,43,2.6511627906976742,43,4.32012432012432,0.03285820121942112,6.244780523343617,1.6689615294266456,1.5442987003642346,0.1908216136195411,0.3608204280100699,0.16219925964996365,0.38898328921496694,0.74027975315169,0.37487330520473783
route,12,SC -> SC,57,6,0.10526315789473684,2.8676347296297897,0.05030938122157526,6.080281635802469,6,2.8333333333333335,6,4.431372549019608,0.08074805134370032,5.415721912973877,1.5980392156862746,1.22942004050477,0.0010362694300518134,0.0036136545490789975,0.5876880749897486,0.2693578544416346,0.5329329256475018,0.33981975371269996
route,13,PR -> MG,152,5,0.03289473684210526,5.334315461459042,0.035094180667493695,17.294712962962965,5,4.0,5,4.465753424657534,0.03782198759295017,9.109561707172137,0.46575342465753433,0.8274168318164229,0.015099925980754996,0.010208832219485027,0.20630120564043325,0.8023445285284485,0.26821479579635493,0.3369759376009304
route,14,MG -> SP,453,9,0.019867549668874173,13.941235171432853,0.03077535357932197,13.331837705761316,9,3.25,8,4.3054298642533935,0.023141235574107223,8.955600007611531,1.0554298642533935,1.0292180148881012,0.05965951147298298,0.03322120019630925,0.07586655678301711,0.7801292894391822,0.4011003813586776,0.33320762232995615
route,15,SC -> RJ,83,3,0.03614457831325301,4.671286783158985,0.05628056365251789,12.83844135802469,3,1.3333333333333333,3,3.848101265822785,0.04240632702087169,6.82193729744933,2.514767932489452,1.355906857802079,0.004885270170244264,0.008436088841090627,0.24703186458465254,0.4722616354877095,0.6162241855233037,0.3265559735816206
route,16,SP -> ES,268,14,0.05223880597014925,23.58194850872616,0.08799234518181404,10.470284391534392,14,4.428571428571429,14,4.256916996047431,0.05232717450872935,8.19807676142703,0.0,0.4201035564149447,0.03227239082161362,0.05899762780952161,0.33517600439341694,0.6708257413639586,0.0,0.2859178451535707
route,17,SP -> PB,70,4,0.05714285714285714,10.360584896534354,0.1480083556647765,5.636909722222223,4,2.25,4,4.2727272727272725,0.05533367911479945,5.194107120118295,2.0227272727272725,1.29809960320484,0.0029607698001480384,0.02364759610810151,0.36188801288437333,0.2373809041802678,0.5781582497345334,0.2844614777586011
route,18,MG -> BA,77,3,0.03896103896103896,5.318995432215145,0.06907786275604084,8.758198302469136,3,2.3333333333333335,3,4.391891891891892,0.04440977554154279,5.880342746167281,2.0585585585585586,1.2506277715103344,0.003997039230199852,0.010167870974085266,0.26483198163330496,0.33639831271601556,0.5468981646526748,0.2788346196044362
route,19,MG -> RJ,178,9,0.05056179775280899,11.520609744634857,0.06472252665525201,5.747007458847737,9,2.888888888888889,9,4.4226190476190474,0.051052813569192695,5.362785680126151,1.5337301587301586,1.2571608832910577,0.018948926720947445,0.026749160845113522,0.3238536401539881,0.26171964914412554,0.5512002027840229,0.27816642689412274
route,20,PR -> SP,609,13,0.021346469622331693,16.736155814047017,0.027481372436858813,5.850462962962963,13,2.5,12,4.417508417508418,0.02373299164457653,5.488081709186337,1.9175084175084178,1.504208471093622,0.08275351591413768,0.040693994699007696,0.08112415497429776,0.27979869900166504,0.7138804352147835,0.26403103592757937
route,21,DF -> SP,57,1,0.017543859649122806,2.2321043658811384,0.039159725717212955,25.68431712962963,1,3.0,1,4.160714285714286,0.03401907938108349,6.895834356581532,1.1607142857142856,1.022109058152087,0.0010362694300518134,0.001914433563657093,0.17251335903590292,0.4829242927674136,0.39641915073245815,0.2629394239301598
route,22,SP -> PA,111,3,0.02702702702702703,13.400148954217606,0.12072206265060906,7.435478395061729,3,2.0,3,4.416666666666667,0.03503131362593748,5.575099690611724,2.416666666666667,1.3332681041506673,0.009030347890451517,0.03177449503844471,0.1815067960287435,0.29235458314653534,0.601316621605304,0.25961120825496153
route,23,SC -> SP,283,11,0.038869257950530034,6.9803868357836265,0.024665677864959813,4.476382575757575,11,2.3636363636363638,11,4.220588235294118,0.0409610855668947,4.733812815528598,1.856951871657754,1.4528074258187602,0.03449296817172465,0.014609942193611806,0.2341912715876647,0.17096472368167262,0.6800329725988713,0.25691038840753
route,24,SP -> CE,157,2,0.012738853503184714,19.485167194428968,0.12410934518744565,10.18761574074074,2,1.0,2,4.393548387096774,0.022415659390221904,5.878757689520726,3.393548387096774,1.4057985106793518,0.015840118430792006,0.04804404135792087,0.06942000182160142,0.33616960380676264,0.6490777169365147,0.2556313788945897
route,25,SP -> MT,117,1,0.008547008547008548,9.379414416650299,0.08016593518504529,27.819988425925924,1,3.0,1,4.391304347826087,0.021796655651352897,7.089986292608469,1.391304347826087,1.0430717910713418,0.00991857883049593,0.021024235266832805,0.06392031521037221,0.5109386086056491,0.4102230590969216,0.2489731199262289
route,26,PR -> RS,116,2,0.017241379310344827,4.859521139214115,0.041892423613914785,7.3545949074074075,2,1.0,2,4.456140350877193,0.027952057191421287,5.406587550631837,3.4561403508771926,1.4162305046427548,0.009770540340488527,0.008939372061265384,0.11860945085033904,0.26803985104250655,0.6559471594507196,0.24514139586350037
route,27,SC -> MG,93,2,0.021505376344086023,3.01457317998973,0.03241476537623366,9.703501157407407,2,3.0,2,4.0,0.03244784261381772,5.798071925631837,1.0,1.006873779496556,0.006365655070318283,0.004006524681898856,0.15855333057502272,0.32452739966763405,0.38638675699457664,0.2139029296218462
route,28,PR -> RJ,194,2,0.010309278350515464,12.294831324007927,0.06337541919591715,5.822633101851851,2,1.0,2,4.257894736842105,0.019016563499081696,5.151260583039245,3.257894736842105,1.3831895689702403,0.021317542561065876,0.02881920128704827,0.039219922259975386,0.2311985479963942,0.6341897841096167,0.21364001807182775
route,29,SP -> MG,1295,17,0.013127413127413128,67.1992174049753,0.0518912875714095,5.292619144880174,17,3.125,16,4.3117138364779874,0.014602261333662403,5.190532824286303,1.1867138364779874,1.1180733360617874,0.1843079200592154,0.17561735656351843,0.0,0.23686516658637227,0.45961139306220944,0.20759053400928495
route,30,SC -> PR,52,1,0.019230769230769232,1.5160817475625883,0.029155418222357468,11.169907407407408,1,5.0,1,4.372549019607843,0.03568668131152876,5.57634256365224,0.0,0.9165895776326066,0.00029607698001480384,0.0,0.18732956681275229,0.29253391814888635,0.3269348308507321,0.19873901584276663
route,31,RS -> RJ,63,3,0.047619047619047616,3.5895929850363113,0.0569776664291478,0.8510918209876545,3,3.0,3,4.379310344827586,0.0499118716263357,4.0556258658254,1.3793103448275863,1.093878183726264,0.001924500370096225,0.0055439582578574636,0.3137166688672148,0.07310866416898765,0.443678944416784,0.19555453460390826
route,32,PR -> PR,164,9,0.054878048780487805,6.912820469988193,0.0421513443291963,3.8027829218107,9,3.6666666666666665,9,4.402597402597403,0.05439271726063521,4.44183721521387,0.7359307359307361,0.8792558935439629,0.01687638786084382,0.014429289634399546,0.353527812475116,0.1288353643167453,0.30235069117521773,0.19492854355079975
route,33,RS -> RS,77,7,0.09090909090909091,2.7791063862150445,0.036092290730065514,2.9698578042328045,7,4.857142857142857,7,4.557142857142857,0.07590583853366877,4.174050907199815,0.0,0.5930873737622748,0.003997039230199852,0.0033769558364515296,0.5446662783707001,0.09019629450690346,0.11390942070364872,0.19135927255079388
route,34,RJ -> PR,51,2,0.0392156862745098,2.465662152148133,0.04834631670878692,3.116122685185185,2,4.0,2,4.387755102040816,0.04594100488887063,4.7001755135948,0.3877551020408161,0.9048329631700254,0.00014803849000740192,0.002538898285362379,0.2784365546131174,0.16611117434498837,0.3191931289770832,0.18575612759315896
route,35,RJ -> SP,328,7,0.021341463414634148,15.42929096021993,0.047040521220182714,4.353617724867725,7,3.0,7,4.389408099688474,0.025502755274539508,4.743834403931841,1.389408099688474,1.1651965912810582,0.041154700222057736,0.037199823041126734,0.09684804277912974,0.17241074553689795,0.4906419413875449,0.18573981517144755
route,36,RJ -> MG,138,3,0.021739130434782608,6.413309042295496,0.04647325392967751,6.474456018518519,3,4.0,3,4.619402985074627,0.030000220711574117,5.353325296024829,0.6194029850746272,0.9185149468601964,0.013027387120651369,0.013093743217093865,0.13680684899525772,0.26035460384203457,0.32820268177874706,0.18014878384668356
route,37,RS -> SP,176,10,0.056818181818181816,4.129753569157851,0.023464508915669605,2.9302627314814815,10,3.7,10,4.36144578313253,0.05592938714060148,3.9736244053791028,0.66144578313253,0.8348471592641985,0.01865284974093264,0.0069881885454918065,0.3671807231670143,0.06127661727237351,0.2731076482503802,0.1727808557303703
route,38,SP -> PR,589,7,0.011884550084889643,27.73034899728387,0.047080388789955636,5.966211970899471,7,3.5,6,4.386206896551724,0.015086136922967033,5.4078437993566775,0.886206896551724,0.9624829208293135,0.07979274611398963,0.07008922872771095,0.004299108281416153,0.2682211160315107,0.35715548511687123,0.16959184816512968
route,39,SP -> SE,50,0,0.0,6.489714304695352,0.12979428609390703,,0,,0,4.32,0.026400414937759336,5.016986079276723,,1.0082485353958672,0.0,0.013298028382165613,0.10482351452712081,0.21182398787403858,0.3872920303924057,0.16901021762769955
route,40,MG -> PR,65,1,0.015384615384615385,2.2612876372648167,0.034789040573304876,0.6171296296296296,1,3.0,1,4.375,0.03165253472848638,4.616999129308805,1.375,1.0415895776326065,0.0022205773501110288,0.001992461034863836,0.15148722765171319,0.1541095968827527,0.40924702517216144,0.1684578353669015
route,41,SP -> RN,61,1,0.01639344262295082,8.167093399640446,0.133886777043286,0.8608912037037038,1,4.0,1,4.517241379310345,0.032793166610594,4.639159272406449,0.5172413793103452,0.9636115212062744,0.001628423390081421,0.017782845978962545,0.16162144412967852,0.1573070991094199,0.3578986657051883,0.16315114633550565
route,42,SP -> SC,376,5,0.013297872340425532,23.20608697259604,0.06171831641647883,3.197571759259259,5,3.0,5,4.339622641509434,0.017934369703699375,4.410514639270902,1.3396226415094343,1.1187065707670563,0.04826054774241303,0.05799268477888806,0.02960491292563118,0.12431580837880356,0.4600283765670987,0.1519482956358167
route,43,PR -> SC,67,2,0.029850746268656716,2.847353186534403,0.042497808754244824,0.8371064814814815,2,5.0,2,4.323076923076923,0.039658474305777215,4.320339479644183,0.0,0.8402071128298894,0.0025166543301258326,0.003559427677146173,0.22261791061654423,0.1113043728286799,0.27663716456600407,0.14748433076719913
route,44,MG -> MG,331,5,0.015105740181268883,12.269759100344977,0.03706875861131413,1.3414351851851851,5,4.2,5,4.41717791411043,0.020052602345868593,3.791802447912877,0.21717791411042953,0.7445583283007213,0.04159881569207994,0.028752165546461494,0.048424856926118046,0.035041402486370166,0.21365267385581677,0.07589310912209896
